,xrefs_inchikey,xrefs_chemspider,xrefs_kegg_compound,xrefs_drugbank,xrefs_foodb,xrefs_pdb,xrefs_chebi,xrefs_pubchem_cid,xrefs_smiles
0,WHBMMWSBFZVSSR-GSVOUGTGSA-N,CHEMSPIDER:83181,KEGG.COMPOUND:C01089,,FOODB:FDB021869,,CHEBI:17066,PUBCHEM.COMPOUND:92135,C[C@@H](O)CC(O)=O
1,XQXPVVBIMDBYFF-UHFFFAOYSA-N,CHEMSPIDER:124,KEGG.COMPOUND:C00642,,FOODB:FDB010534,,CHEBI:18101,PUBCHEM.COMPOUND:127,OC(=O)CC1=CC=C(O)C=C1
2,FERIUCNNQQJTOY-UHFFFAOYSA-N,CHEMSPIDER:259,KEGG.COMPOUND:C00246,DRUGBANK:DB03568,FOODB:FDB031031,,CHEBI:30772,PUBCHEM.COMPOUND:264,CCCC(O)=O
3,QTBSBXVTEAMEQO-UHFFFAOYSA-N,CHEMSPIDER:171,KEGG.COMPOUND:C00033,DRUGBANK:DB03166,FOODB:FDB019725,,CHEBI:15366,PUBCHEM.COMPOUND:176,CC(O)=O
4,CIWBSHSKHKDKBQ-JLAZNSOCSA-N,CHEMSPIDER:10189562,KEGG.COMPOUND:C01041,DRUGBANK:DB00126,FOODB:FDB001224,,CHEBI:29073,,[H][C@@]1(OC(=O)C(O)=C1O)[C@@H](O)CO
5,DLRVVLDZNNYCBX-CQHUIXDMSA-N,,,,,,,PUBCHEM.COMPOUND:6602503,OC[C@H]1O[C@H](OC[C@H]2O[C@H](O)[C@H](O)[C@@H](O)[C@@H]2O)[C@H](O)[C@@H](O)[C@H]1O
6,UCTWMZQNUQWSLP-VIFPVBQESA-N,CHEMSPIDER:5611,KEGG.COMPOUND:C00788,DRUGBANK:DB00668,FOODB:FDB021889,,CHEBI:28918,PUBCHEM.COMPOUND:5816,CNC[C@H](O)C1=CC(O)=C(O)C=C1
7,VYFYYTLLBUKUHU-UHFFFAOYSA-N,CHEMSPIDER:661,KEGG.COMPOUND:C03758,DRUGBANK:DB00988,FOODB:FDB012163,,CHEBI:18243,PUBCHEM.COMPOUND:681,NCCC1=CC(O)=C(O)C=C1
8,ROSDSFDQCJNGOL-UHFFFAOYSA-N,CHEMSPIDER:654,KEGG.COMPOUND:C00543,,FOODB:FDB012589,,CHEBI:17170,PUBCHEM.COMPOUND:674,CNC
9,LFQSCWFLJHTTHZ-UHFFFAOYSA-N,CHEMSPIDER:682,KEGG.COMPOUND:C00469,DRUGBANK:DB00898,FOODB:FDB000753,,CHEBI:16236,PUBCHEM.COMPOUND:702,CCO
10,BTCSSZJGUNDROE-UHFFFAOYSA-N,CHEMSPIDER:116,KEGG.COMPOUND:C00334,DRUGBANK:DB02530,FOODB:FDB030489,,CHEBI:16865,PUBCHEM.COMPOUND:119,NCCCC(O)=O
11,AEMRFAOFKBGASW-UHFFFAOYSA-N,CHEMSPIDER:737,KEGG.COMPOUND:C03547,DRUGBANK:DB03085,FOODB:FDB003298,,CHEBI:17497,PUBCHEM.COMPOUND:757,OCC(O)=O
12,QRMZSPFSDQBLIX-UHFFFAOYSA-N,CHEMSPIDER:1675,KEGG.COMPOUND:C05582,,FOODB:FDB001783,,CHEBI:545959,PUBCHEM.COMPOUND:1738,COC1=C(O)C=CC(CC(O)=O)=C1
13,OVBPIULPVIDEAO-LBPRGKRZSA-N,CHEMSPIDER:5815,KEGG.COMPOUND:C00504,DRUGBANK:DB00158,FOODB:FDB014504,,CHEBI:27470,PUBCHEM.COMPOUND:6037,NC1=NC(=O)C2=NC(CNC3=CC=C(C=C3)C(=O)N[C@@H](CCC(O)=O)C(O)=O)=CN=C2N1
14,RFDAIACWWDREDC-FRVQLJSFSA-N,CHEMSPIDER:9734,KEGG.COMPOUND:C01921,,FOODB:FDB012346,,CHEBI:17687,PUBCHEM.COMPOUND:10140,C[C@H](CCC(O)=NCC(O)=O)[C@H]1CC[C@H]2[C@@H]3[C@H](O)C[C@@H]4C[C@H](O)CC[C@]4(C)[C@H]3C[C@H](O)[C@]12C
15,BDAGIHXWWSANSR-UHFFFAOYSA-N,,KEGG.COMPOUND:C00058,DRUGBANK:DB01942,FOODB:FDB012804,,CHEBI:30751,PUBCHEM.COMPOUND:284,OC=O
16,JVTAAEKCZFNVCJ-REOHCLBHSA-N,CHEMSPIDER:96860,KEGG.COMPOUND:C00186,,FOODB:FDB003294,,CHEBI:422,PUBCHEM.COMPOUND:107689,C[C@H](O)C(O)=O
17,SEOVTRFCIGRIMH-UHFFFAOYSA-N,CHEMSPIDER:780,KEGG.COMPOUND:C00954,DRUGBANK:DB07950,FOODB:FDB030920,,CHEBI:16411,PUBCHEM.COMPOUND:802,OC(=O)CC1=CNC2=C1C=CC=C2
18,BTNMPGBKDVTSJY-UHFFFAOYSA-N,CHEMSPIDER:972,KEGG.COMPOUND:C00166,DRUGBANK:DB03884,FOODB:FDB008272,,CHEBI:30851,PUBCHEM.COMPOUND:997,OC(=O)C(=O)CC1=CC=CC=C1
19,KPGXRSRHYNQIFN-UHFFFAOYSA-N,CHEMSPIDER:50,KEGG.COMPOUND:C00026,DRUGBANK:DB08845,FOODB:FDB003361,,CHEBI:30915,PUBCHEM.COMPOUND:51,OC(=O)CCC(=O)C(O)=O
20,SFLSHLFXELFNJZ-QMMMGPOBSA-N,CHEMSPIDER:388394,KEGG.COMPOUND:C00547,DRUGBANK:DB00368,FOODB:FDB016812,,CHEBI:18357,PUBCHEM.COMPOUND:439260,NC[C@H](O)C1=CC(O)=C(O)C=C1
21,ISWSIDIOOBJBQZ-UHFFFAOYSA-N,,KEGG.COMPOUND:C15584,DRUGBANK:DB03255,FOODB:FDB000893,,CHEBI:15882,PUBCHEM.COMPOUND:996,OC1=CC=CC=C1
22,XBDQKXXYIPTUBI-UHFFFAOYSA-N,CHEMSPIDER:1005,KEGG.COMPOUND:C00163,DRUGBANK:DB03766,FOODB:FDB031132,,CHEBI:30768,PUBCHEM.COMPOUND:1032,CCC(O)=O
23,LCTONWCANYUPML-UHFFFAOYSA-N,,KEGG.COMPOUND:C00022,DRUGBANK:DB00119,FOODB:FDB031141,,CHEBI:32816,PUBCHEM.COMPOUND:1060,CC(=O)C(O)=O
24,KDYFGRWQOYBRFD-UHFFFAOYSA-N,CHEMSPIDER:1078,KEGG.COMPOUND:C00042,DRUGBANK:DB00139,FOODB:FDB001931,,CHEBI:15741,PUBCHEM.COMPOUND:1738118,OC(=O)CCC(O)=O
25,QZAYGJVTTNCVMB-UHFFFAOYSA-N,CHEMSPIDER:5013,KEGG.COMPOUND:C00780,DRUGBANK:DB08839,FOODB:FDB012158,,CHEBI:28790,PUBCHEM.COMPOUND:5202,NCCC1=CNC2=C1C=C(O)C=C2
26,DZGWFCGJZKJUFP-UHFFFAOYSA-N,CHEMSPIDER:5408,KEGG.COMPOUND:C00483,DRUGBANK:DB08841,FOODB:FDB000433,,CHEBI:15760,PUBCHEM.COMPOUND:5610,NCCC1=CC=C(O)C=C1
27,DZAIOXUZHHTJKN-UHFFFAOYSA-N,CHEMSPIDER:133026,,,FOODB:FDB021961,,CHEBI:86371,PUBCHEM.COMPOUND:150929,OCC(O)CC(O)=O
28,QVWAEZJXDYOKEH-UHFFFAOYSA-N,CHEMSPIDER:89,KEGG.COMPOUND:C11457,,FOODB:FDB021993,,CHEBI:1427,PUBCHEM.COMPOUND:91,OC(=O)CCC1=CC(O)=CC=C1
29,MUCMKTPAZLSKTL-NSHDSACASA-N,CHEMSPIDER:4472230,,,FOODB:FDB022005,,CHEBI:36210,PUBCHEM.COMPOUND:5312805,CCCCCCCCC[C@H](O)CC(O)=O
30,BITYXLXUCSKTJS-ZETCQYMHSA-N,CHEMSPIDER:4444155,KEGG.COMPOUND:C02504,,FOODB:FDB011983,,CHEBI:35128,PUBCHEM.COMPOUND:5280523,CC(C)[C@@](O)(CC(O)=O)C(O)=O
31,DZAUWHJDUNRCTF-UHFFFAOYSA-N,CHEMSPIDER:308986,KEGG.COMPOUND:C10447,,FOODB:FDB008857,,CHEBI:48400,PUBCHEM.COMPOUND:348154,OC(=O)CCC1=CC(O)=C(O)C=C1
32,XFTRTWQBIOMVPK-UHFFFAOYSA-N,CHEMSPIDER:1051,KEGG.COMPOUND:C00815,,FOODB:FDB002815,,CHEBI:15584,PUBCHEM.COMPOUND:1081,CC(O)(CC(O)=O)C(O)=O
33,FVMDYYGIDFPZAX-UHFFFAOYSA-N,CHEMSPIDER:11624,KEGG.COMPOUND:C05593,,FOODB:FDB022047,,CHEBI:17445,PUBCHEM.COMPOUND:12122,OC(=O)CC1=CC(O)=CC=C1
34,WNLRTRBMVRJNCN-UHFFFAOYSA-N,CHEMSPIDER:191,KEGG.COMPOUND:C06104,,FOODB:FDB008309,,CHEBI:30832,PUBCHEM.COMPOUND:196,OC(=O)CCCCC(O)=O
35,POJWUDADGALRAB-UHFFFAOYSA-N,CHEMSPIDER:199,KEGG.COMPOUND:C01551,,FOODB:FDB001613,,CHEBI:15676,PUBCHEM.COMPOUND:204,NC(=O)NC1NC(=O)NC1=O
36,ZFRKQXVRDFCRJG-UHFFFAOYSA-N,CHEMSPIDER:6480,KEGG.COMPOUND:C08313,,FOODB:FDB004302,,CHEBI:9171,PUBCHEM.COMPOUND:6736,CC1=CNC2=C1C=CC=C2
37,WKOLLVMJNQIZCI-UHFFFAOYSA-N,CHEMSPIDER:8155,KEGG.COMPOUND:C06672,,FOODB:FDB000846,,CHEBI:30816,PUBCHEM.COMPOUND:8468,COC1=C(O)C=CC(=C1)C(O)=O
38,FJKROLUGYXJWQN-UHFFFAOYSA-N,CHEMSPIDER:132,KEGG.COMPOUND:C00156,DRUGBANK:DB04242,FOODB:FDB010508,,CHEBI:30763,PUBCHEM.COMPOUND:135,OC(=O)C1=CC=C(O)C=C1
39,QYIXCDOBOSTCEI-NWKZBHTNSA-N,CHEMSPIDER:191826,,,FOODB:FDB022125,,CHEBI:89519,PUBCHEM.COMPOUND:221122,[H][C@@]1(CC[C@@]2([H])[C@]3([H])CC[C@]4([H])C[C@@H](O)CC[C@]4(C)[C@@]3([H])CC[C@]12C)[C@H](C)CCCC(C)C
40,LQXVFWRQNMEDEE-UOWFLXDJSA-N,CHEMSPIDER:10254592,KEGG.COMPOUND:C00309,,FOODB:FDB004270,,CHEBI:17173,PUBCHEM.COMPOUND:12358756,OC[C@@]1(O)OC[C@@H](O)[C@H]1O
41,SRBFZHDQGSBBOR-KLVWXMOXSA-N,CHEMSPIDER:388821,KEGG.COMPOUND:C02479,,FOODB:FDB012306,,CHEBI:40886,PUBCHEM.COMPOUND:439764,O[C@H]1CO[C@H](O)[C@H](O)[C@H]1O
42,JFCQEDHGNNZCLN-UHFFFAOYSA-N,CHEMSPIDER:723,KEGG.COMPOUND:C00489,DRUGBANK:DB03553,FOODB:FDB001477,,CHEBI:17859,PUBCHEM.COMPOUND:743,OC(=O)CCCC(O)=O
43,XGILAAMKEQUXLS-JTQLQIEISA-N,CHEMSPIDER:588900,KEGG.COMPOUND:C02043,DRUGBANK:DB07060,FOODB:FDB022174,,,PUBCHEM.COMPOUND:676157,O[C@@H](CC1=CNC2=C1C=CC=C2)C(O)=O
44,BXFFHSIDQOFMLE-UHFFFAOYSA-N,CHEMSPIDER:9840,,DRUGBANK:DB07992,FOODB:FDB022179,,CHEBI:43355,PUBCHEM.COMPOUND:10258,OS(=O)(=O)OC1=CNC2=CC=CC=C12
45,ALRHLSYJTWAHJZ-UHFFFAOYSA-N,CHEMSPIDER:61460,KEGG.COMPOUND:C01013,DRUGBANK:DB03688,FOODB:FDB022189,,CHEBI:33404,PUBCHEM.COMPOUND:68152,OCCC(O)=O
46,KKADPXVIOXHVKN-UHFFFAOYSA-N,CHEMSPIDER:954,KEGG.COMPOUND:C01179,DRUGBANK:DB07718,FOODB:FDB030506,,CHEBI:15999,PUBCHEM.COMPOUND:979,OC(=O)C(=O)CC1=CC=C(O)C=C1
47,SJZRECIVHVDYJC-UHFFFAOYSA-N,CHEMSPIDER:9984,KEGG.COMPOUND:C01991,,FOODB:FDB022196,,CHEBI:30830,PUBCHEM.COMPOUND:10413,OCCCC(O)=O
48,QIAFMBKCNZACKA-UHFFFAOYSA-N,CHEMSPIDER:451,KEGG.COMPOUND:C01586,,FOODB:FDB001819,,CHEBI:18089,PUBCHEM.COMPOUND:464,OC(=O)CNC(=O)C1=CC=CC=C1
49,PLVPPLCLBIEYEA-AATRIKPKSA-N,CHEMSPIDER:4524636,,,FOODB:FDB112378,,CHEBI:132244,PUBCHEM.COMPOUND:5375048,OC(=O)\C=C\C1=CNC2=C1C=CC=C2
50,SIKJAQJRHWYJAI-UHFFFAOYSA-N,CHEMSPIDER:776,KEGG.COMPOUND:C00463,DRUGBANK:DB04532,FOODB:FDB012008,,CHEBI:16881,PUBCHEM.COMPOUND:798,N1C=CC2=C1C=CC=C2
51,LVRFTAZAXQPQHI-YFKPBYRVSA-N,CHEMSPIDER:75520,,,FOODB:FDB022218,,CHEBI:44510,PUBCHEM.COMPOUND:83697,CC(C)C[C@H](O)C(O)=O
52,JVGVDSSUAVXRDY-UHFFFAOYSA-N,CHEMSPIDER:9010,KEGG.COMPOUND:C03672,,FOODB:FDB017136,,CHEBI:17385,PUBCHEM.COMPOUND:9378,OC(CC1=CC=C(O)C=C1)C(O)=O
53,DUUGKQCEGZLZNO-UHFFFAOYSA-N,CHEMSPIDER:1760,KEGG.COMPOUND:C05635,,FOODB:FDB001403,,CHEBI:27823,PUBCHEM.COMPOUND:1826,OC(=O)CC1=CNC2=C1C=C(O)C=C2
54,XMIIGOLPHOKFCH-UHFFFAOYSA-N,CHEMSPIDER:10181339,KEGG.COMPOUND:C05629,DRUGBANK:DB02024,FOODB:FDB008271,,CHEBI:28631,PUBCHEM.COMPOUND:107,OC(=O)CCC1=CC=CC=C1
55,FBPFZTCFMRRESA-KVTDHHQDSA-N,CHEMSPIDER:6015,KEGG.COMPOUND:C00392,DRUGBANK:DB00742,FOODB:FDB112364,,CHEBI:16899,PUBCHEM.COMPOUND:6251,OC[C@@H](O)[C@@H](O)[C@H](O)[C@H](O)CO
56,ISYWECDDZWTKFF-UHFFFAOYSA-N,CHEMSPIDER:12071,KEGG.COMPOUND:C16535,,FOODB:FDB004043,,CHEBI:39246,PUBCHEM.COMPOUND:12591,CCCCCCCCCCCCCCCCCCC(O)=O
57,VOXXWSYKYCBWHO-UHFFFAOYSA-N,CHEMSPIDER:3715,KEGG.COMPOUND:C01479,,FOODB:FDB022236,,CHEBI:25998,PUBCHEM.COMPOUND:3848,OC(CC1=CC=CC=C1)C(O)=O
58,BDERNNFJNOPAEC-UHFFFAOYSA-N,CHEMSPIDER:1004,KEGG.COMPOUND:C05979,DRUGBANK:DB03175,FOODB:FDB031044,,CHEBI:28831,PUBCHEM.COMPOUND:1031,CCCO
59,SHZGCJCMOBCMKK-JFNONXLTSA-N,CHEMSPIDER:23642,KEGG.COMPOUND:C00507,,FOODB:FDB112365,,CHEBI:62346,PUBCHEM.COMPOUND:25310,C[C@@H]1OC(O)[C@H](O)[C@H](O)[C@H]1O
60,KFZMGEQAYNKOFK-UHFFFAOYSA-N,CHEMSPIDER:3644,KEGG.COMPOUND:C01845,DRUGBANK:DB02325,FOODB:FDB008282,,CHEBI:17824,PUBCHEM.COMPOUND:3776,CC(C)O
61,NTYJJOPFIAHURM-UHFFFAOYSA-N,CHEMSPIDER:753,KEGG.COMPOUND:C00388,DRUGBANK:DB05381,FOODB:FDB012596,,CHEBI:18295,PUBCHEM.COMPOUND:774,NCCC1=CNC=N1
62,OIPILFWXSMYKGL-UHFFFAOYSA-N,CHEMSPIDER:182,KEGG.COMPOUND:C01996,DRUGBANK:DB03128,FOODB:FDB012191,,CHEBI:15355,PUBCHEM.COMPOUND:187,CC(=O)OCC[N+](C)(C)C
63,AWDRATDZQPNJFN-VAYUFCLWSA-N,CHEMSPIDER:2015539,KEGG.COMPOUND:C05463,,FOODB:FDB022304,,CHEBI:9410,PUBCHEM.COMPOUND:2733768,[H][C@@]1(CC[C@@]2([H])[C@]3([H])CC[C@]4([H])C[C@H](O)CC[C@]4(C)[C@@]3([H])C[C@H](O)[C@]12C)[C@H](C)CCC(=O)NCCS(O)(=O)=O
64,GETQZCLCWQTVFV-UHFFFAOYSA-N,CHEMSPIDER:1114,KEGG.COMPOUND:C00565,,FOODB:FDB011944,,CHEBI:18139,PUBCHEM.COMPOUND:1146,CN(C)C
65,UYPYRKYUKCHHIB-UHFFFAOYSA-N,CHEMSPIDER:1113,KEGG.COMPOUND:C01104,,FOODB:FDB010413,,CHEBI:15724,PUBCHEM.COMPOUND:1145,C[N+](C)(C)[O-]
66,WBYWAXJHAXSJNI-VOTSOKGWSA-N,CHEMSPIDER:392447,KEGG.COMPOUND:C10438,,FOODB:FDB012052,,CHEBI:35697,PUBCHEM.COMPOUND:444539,OC(=O)\C=C\C1=CC=CC=C1
67,KSEBMYQBYZTDHS-HWKANZROSA-N,CHEMSPIDER:393368,KEGG.COMPOUND:C01494,DRUGBANK:DB07767,FOODB:FDB012802,,CHEBI:17620,PUBCHEM.COMPOUND:445858,COC1=C(O)C=CC(\C=C\C(O)=O)=C1
68,FEWJPZIEWOKRBE-JCYAYHJZSA-N,,KEGG.COMPOUND:C00898,DRUGBANK:DB09459,FOODB:FDB001113,,CHEBI:15671,PUBCHEM.COMPOUND:444305,O[C@H]([C@@H](O)C(O)=O)C(O)=O
69,YCIMNLLNPGFGHC-UHFFFAOYSA-N,CHEMSPIDER:13837760,KEGG.COMPOUND:C15571,DRUGBANK:DB02232,FOODB:FDB001512,,CHEBI:18135,PUBCHEM.COMPOUND:289,OC1=CC=CC=C1O
70,HDTRYLNUVZCQOY-LIZSDCNHSA-N,CHEMSPIDER:7149,KEGG.COMPOUND:C01083,DRUGBANK:DB12310,FOODB:FDB001114,,CHEBI:16551,PUBCHEM.COMPOUND:7427,OC[C@H]1O[C@H](O[C@H]2O[C@H](CO)[C@@H](O)[C@H](O)[C@H]2O)[C@H](O)[C@@H](O)[C@@H]1O
71,IKHGUXGNUITLKF-UHFFFAOYSA-N,CHEMSPIDER:172,KEGG.COMPOUND:C00084,,FOODB:FDB008297,,CHEBI:15343,PUBCHEM.COMPOUND:177,CC=O
72,PYUSHNKNPOHWEZ-YFKPBYRVSA-N,CHEMSPIDER:388809,KEGG.COMPOUND:C03145,DRUGBANK:DB04464,FOODB:FDB022372,,CHEBI:16552,PUBCHEM.COMPOUND:439750,CSCC[C@H](NC=O)C(O)=O
73,OLVVOVIFTBSBBH-KVTDHHQDSA-N,CHEMSPIDER:388938,KEGG.COMPOUND:C03089,,FOODB:FDB022418,,CHEBI:16895,PUBCHEM.COMPOUND:439904,CSC[C@H]1O[C@@H](O)[C@H](O)[C@@H]1O
74,LABSPYBHMPDTEL-LIZSDCNHSA-N,CHEMSPIDER:109086,KEGG.COMPOUND:C00689,DRUGBANK:DB02430,FOODB:FDB022437,,CHEBI:18283,PUBCHEM.COMPOUND:122336,OC[C@H]1O[C@H](O[C@H]2O[C@H](COP(O)(O)=O)[C@@H](O)[C@H](O)[C@H]2O)[C@H](O)[C@@H](O)[C@@H]1O
75,OVRNDRQMDRJTHS-OZRXBMAMSA-N,CHEMSPIDER:9271300,KEGG.COMPOUND:C00645,,FOODB:FDB028419,,CHEBI:63154,PUBCHEM.COMPOUND:11096158,CC(=O)N[C@@H]1[C@H](O)O[C@H](CO)[C@@H](O)[C@@H]1O
76,XTOKIEIBKARFSZ-LURJTMIESA-N,CHEMSPIDER:389690,KEGG.COMPOUND:C05932,,FOODB:FDB022470,,CHEBI:27657,PUBCHEM.COMPOUND:440848,OC(=O)CCC(=O)N[C@@H](CCC=O)C(O)=O
77,VWXQFHJBQHTHMK-LURJTMIESA-N,CHEMSPIDER:113025,KEGG.COMPOUND:C03415,DRUGBANK:DB03582,FOODB:FDB022485,,CHEBI:27574,PUBCHEM.COMPOUND:127370,NCCC[C@H](NC(=O)CCC(O)=O)C(O)=O
78,AJPADPZSRRUGHI-RFZPGFLSSA-N,CHEMSPIDER:391473,KEGG.COMPOUND:C11437,DRUGBANK:DB02496,FOODB:FDB022494,,CHEBI:16493,PUBCHEM.COMPOUND:443201,CC(=O)[C@@H](O)[C@H](O)COP(O)(O)=O
79,LKDRXBCSQODPBY-BGPJRJDNSA-N,CHEMSPIDER:390208,KEGG.COMPOUND:C08356,,FOODB:FDB001126,PDB:SOE,CHEBI:10295,PUBCHEM.COMPOUND:441484,OC[C@@]1(O)OC[C@H](O)[C@@H](O)[C@@H]1O
80,QNAYBMKLOCPYGJ-UWTATZPHSA-N,CHEMSPIDER:64234,KEGG.COMPOUND:C00133,DRUGBANK:DB01786,FOODB:FDB022546,,CHEBI:15570,PUBCHEM.COMPOUND:71080,C[C@@H](N)C(O)=O
81,JVTAAEKCZFNVCJ-UWTATZPHSA-N,CHEMSPIDER:55423,KEGG.COMPOUND:C00256,DRUGBANK:DB03066,FOODB:FDB030146,,CHEBI:42111,PUBCHEM.COMPOUND:61503,C[C@@H](O)C(O)=O
82,CFFZDZCDUFSOFZ-UHFFFAOYSA-N,CHEMSPIDER:532,KEGG.COMPOUND:C01161,DRUGBANK:DB01702,FOODB:FDB000316,,CHEBI:41941,PUBCHEM.COMPOUND:547,OC(=O)CC1=CC(O)=C(O)C=C1
83,UFHFLCQGNIYNRP-UHFFFAOYSA-N,CHEMSPIDER:762,KEGG.COMPOUND:C00282,,FOODB:FDB016247,,CHEBI:18276,PUBCHEM.COMPOUND:783,[H][H]
84,GMKMEZVLHJARHF-WHFBIAKZSA-N,CHEMSPIDER:388416,KEGG.COMPOUND:C00666,DRUGBANK:DB03590,FOODB:FDB022583,,CHEBI:16026,PUBCHEM.COMPOUND:439283,N[C@@H](CCC[C@H](N)C(O)=O)C(O)=O
85,OVPRPPOVAXRCED-WVZVXSGGSA-N,CHEMSPIDER:2338483,KEGG.COMPOUND:C04442,,FOODB:FDB022588,,CHEBI:15925,PUBCHEM.COMPOUND:3080745,O[C@H](COP(O)(O)=O)[C@@H](O)CC(=O)C(O)=O
86,ALYNCZNDIQEVRV-UHFFFAOYSA-N,CHEMSPIDER:953,KEGG.COMPOUND:C00568,DRUGBANK:DB02362,FOODB:FDB001037,,CHEBI:30753,PUBCHEM.COMPOUND:978,NC1=CC=C(C=C1)C(O)=O
87,KIDHWZJUCRJVML-UHFFFAOYSA-N,CHEMSPIDER:13837702,KEGG.COMPOUND:C00134,DRUGBANK:DB01917,FOODB:FDB001494,,CHEBI:17148,PUBCHEM.COMPOUND:1045,NCCCCN
88,GACTWZZMVMUKNG-KVTDHHQDSA-N,CHEMSPIDER:115387,KEGG.COMPOUND:C00644,,FOODB:FDB022673,,CHEBI:16298,PUBCHEM.COMPOUND:130418,OC[C@@H](O)[C@@H](O)[C@H](O)[C@H](O)COP(O)(O)=O
89,CSCPPACGZOOCGX-UHFFFAOYSA-N,CHEMSPIDER:175,KEGG.COMPOUND:C00207,,FOODB:FDB008301,,CHEBI:15347,PUBCHEM.COMPOUND:180,CC(C)=O
90,YQUVCSBJEUQKSH-UHFFFAOYSA-N,CHEMSPIDER:71,KEGG.COMPOUND:C00230,DRUGBANK:DB03946,FOODB:FDB031135,,CHEBI:36062,PUBCHEM.COMPOUND:72,OC(=O)C1=CC(O)=C(O)C=C1
91,IWDCLRJOBJJRNH-UHFFFAOYSA-N,CHEMSPIDER:13839082,KEGG.COMPOUND:C01468,DRUGBANK:DB01688,FOODB:FDB008789,,CHEBI:17847,PUBCHEM.COMPOUND:2879,CC1=CC=C(O)C=C1
92,WPYMKLBDIGXBTP-UHFFFAOYSA-N,CHEMSPIDER:238,KEGG.COMPOUND:C00539,DRUGBANK:DB03793,FOODB:FDB008739,,CHEBI:30746,PUBCHEM.COMPOUND:243,OC(=O)C1=CC=CC=C1
93,QAIPRVGONGVQAS-DUXPYHPUSA-N,CHEMSPIDER:600426,KEGG.COMPOUND:C01481,DRUGBANK:DB01880,FOODB:FDB002559,,CHEBI:16433,PUBCHEM.COMPOUND:689043,OC(=O)\C=C\C1=CC(O)=C(O)C=C1
94,HCFRWBBJISAZNK-UHFFFAOYSA-N,CHEMSPIDER:133210,,,FOODB:FDB022785,,CHEBI:16817,PUBCHEM.COMPOUND:151138,OC1CCC(CC1)C(O)=O
95,RLSSMJSEOOYNOY-UHFFFAOYSA-N,CHEMSPIDER:21105871,KEGG.COMPOUND:C01467,DRUGBANK:DB01776,FOODB:FDB008788,,CHEBI:17231,PUBCHEM.COMPOUND:342,CC1=CC=CC(O)=C1
96,QWVGKYWNOKOFNN-UHFFFAOYSA-N,CHEMSPIDER:13835772,KEGG.COMPOUND:C01542,,FOODB:FDB008785,,CHEBI:28054,PUBCHEM.COMPOUND:335,CC1=CC=CC=C1O
97,KLZGKIDSEJWEDW-UHFFFAOYSA-N,CHEMSPIDER:109095,KEGG.COMPOUND:C02714,,FOODB:FDB022827,,CHEBI:17768,PUBCHEM.COMPOUND:122356,CC(=O)NCCCCN
98,JMSVCTWVEWCHDZ-UHFFFAOYSA-N,CHEMSPIDER:10289,KEGG.COMPOUND:C10833,,FOODB:FDB000514,,CHEBI:68329,PUBCHEM.COMPOUND:10742,COC1=CC(=CC(OC)=C1O)C(O)=O
99,LVHBHZANLOWSRM-UHFFFAOYSA-N,CHEMSPIDER:789,KEGG.COMPOUND:C00490,,FOODB:FDB012645,,CHEBI:30838,PUBCHEM.COMPOUND:811,OC(=O)CC(=C)C(O)=O
100,JTEDVYBZBROSJT-UHFFFAOYSA-N,CHEMSPIDER:8298,KEGG.COMPOUND:C11284,DRUGBANK:DB02740,FOODB:FDB001404,,CHEBI:33070,PUBCHEM.COMPOUND:8617,OC(=O)CCCC1=CNC2=C1C=CC=C2
101,NMHMNPHRMNGLLB-UHFFFAOYSA-N,CHEMSPIDER:9965,KEGG.COMPOUND:C01744,DRUGBANK:DB03897,FOODB:FDB000849,,CHEBI:32980,PUBCHEM.COMPOUND:10394,OC(=O)CCC1=CC=C(O)C=C1
102,ADFCQWZHKCXPAJ-GFCCVEGCSA-N,CHEMSPIDER:82594,KEGG.COMPOUND:C14131,DRUGBANK:DB11674,FOODB:FDB021824,,CHEBI:428126,PUBCHEM.COMPOUND:91469,OC1=CC=C(C=C1)[C@H]1COC2=CC(O)=CC=C2C1
103,VEVJTUNLALKRNO-TYHXJLICSA-N,CHEMSPIDER:7822142,KEGG.COMPOUND:C00512,,FOODB:FDB022929,,CHEBI:15515,PUBCHEM.COMPOUND:9543169,CC(C)(COP(O)(=O)OP(O)(=O)OC[C@H]1O[C@H]([C@H](O)[C@@H]1OP(O)(O)=O)N1C=NC2=C1N=CN=C2N)[C@@H](O)C(=O)NCCC(=O)NCCSC(=O)C1=CC=CC=C1
104,GOLXRNDWAUTYKT-UHFFFAOYSA-N,CHEMSPIDER:3613,,DRUGBANK:DB02758,FOODB:FDB000941,,CHEBI:43580,PUBCHEM.COMPOUND:3744,OC(=O)CCC1=CNC2=C1C=CC=C2
105,QMMFVYPAHWMCMS-UHFFFAOYSA-N,CHEMSPIDER:1039,KEGG.COMPOUND:C00580,,FOODB:FDB003591,,CHEBI:17437,PUBCHEM.COMPOUND:1068,CSC
106,VHRGRCVQAFMJIZ-UHFFFAOYSA-N,CHEMSPIDER:13866593,KEGG.COMPOUND:C01672,DRUGBANK:DB03854,FOODB:FDB001493,,CHEBI:18127,PUBCHEM.COMPOUND:273,NCCCCCN
107,TXXHDPDFNKHHGW-ZPUQHVIOSA-N,CHEMSPIDER:4512358,,,FOODB:FDB023893,,CHEBI:27036,PUBCHEM.COMPOUND:5356793,OC(=O)\C=C\C=C\C(O)=O
108,IJFXRHURBJZNAO-UHFFFAOYSA-N,CHEMSPIDER:7142,KEGG.COMPOUND:C00587,,FOODB:FDB010507,,CHEBI:30764,PUBCHEM.COMPOUND:7420,OC(=O)C1=CC(O)=CC=C1
109,KHTAGVZHYUZYMF-UHFFFAOYSA-N,CHEMSPIDER:93013,,,FOODB:FDB023037,,CHEBI:86369,PUBCHEM.COMPOUND:102959,OC(CC(O)=O)C1=CC(O)=CC=C1
110,BLHCMGRVFXRYRN-UHFFFAOYSA-N,CHEMSPIDER:65756,KEGG.COMPOUND:C01020,,FOODB:FDB023041,,CHEBI:16168,PUBCHEM.COMPOUND:72924,OC(=O)C1=CN=C(O)C=C1
111,VNWKTOKETHGBQD-UHFFFAOYSA-N,CHEMSPIDER:291,KEGG.COMPOUND:C01438,,FOODB:FDB023051,,CHEBI:16183,PUBCHEM.COMPOUND:297,C
112,JKQXZKUSFCKOGQ-QAYBQHTQSA-N,CHEMSPIDER:4444421,KEGG.COMPOUND:C06098,DRUGBANK:DB11176,FOODB:FDB023113,,CHEBI:27547,PUBCHEM.COMPOUND:5280899,C\C(\C=C\C=C(/C)\C=C\C1=C(C)C[C@@H](O)CC1(C)C)=C/C=C/C=C(\C)/C=C/C=C(\C)/C=C/C1=C(C)C[C@@H](O)CC1(C)C
113,OWBTYPJTUOEWEK-UHFFFAOYSA-N,CHEMSPIDER:21106093,,,FOODB:FDB011934,,CHEBI:62064,,CC(O)C(C)O
114,RWSOTUBLDIXVET-UHFFFAOYSA-N,CHEMSPIDER:391,KEGG.COMPOUND:C00283,,FOODB:FDB030910,,CHEBI:16136,PUBCHEM.COMPOUND:402,S
115,VGEREEWJJVICBM-UHFFFAOYSA-N,CHEMSPIDER:4624,KEGG.COMPOUND:C00774,DRUGBANK:DB07810,FOODB:FDB015553,,CHEBI:17276,PUBCHEM.COMPOUND:4788,OC1=CC=C(CCC(=O)C2=C(O)C=C(O)C=C2O)C=C1
116,WHUUTDBJXJRKMK-GSVOUGTGSA-N,CHEMSPIDER:21814,KEGG.COMPOUND:C00217,DRUGBANK:DB02517,FOODB:FDB023148,,CHEBI:15966,PUBCHEM.COMPOUND:23327,N[C@H](CCC(O)=O)C(O)=O
117,JJMDCOVWQOJGCB-UHFFFAOYSA-N,CHEMSPIDER:135,KEGG.COMPOUND:C00431,,FOODB:FDB023151,,CHEBI:15887,PUBCHEM.COMPOUND:138,NCCCCC(O)=O
118,MBBOMCVGYCRMEA-UHFFFAOYSA-N,CHEMSPIDER:10235,KEGG.COMPOUND:C00955,,FOODB:FDB010973,,CHEBI:17890,PUBCHEM.COMPOUND:10685,OCCC1=CNC2=C1C=CC=C2
119,RAJWOBJTTGJROA-QJISAEMRSA-N,CHEMSPIDER:389114,KEGG.COMPOUND:C03772,DRUGBANK:DB07375,FOODB:FDB023225,,CHEBI:16985,PUBCHEM.COMPOUND:440114,[H][C@@]12CCC(=O)[C@@]1(C)CC[C@@]1([H])[C@@]2([H])CC[C@]2([H])CC(=O)CC[C@]12C
120,SXDXRJZUAJBNFL-XKSSXDPKSA-N,CHEMSPIDER:147805,KEGG.COMPOUND:C04332,,FOODB:FDB023230,,CHEBI:17601,PUBCHEM.COMPOUND:168989,CC1=C(C)N(C[C@H](O)[C@H](O)[C@H](O)CO)C2=NC(=O)NC(=O)C2=N1
121,RQRINYISXYAZKL-RPDRRWSUSA-N,CHEMSPIDER:18921533,KEGG.COMPOUND:C04454,,FOODB:FDB030559,,CHEBI:18247,PUBCHEM.COMPOUND:18666812,NC1=C(NC[C@H](O)[C@H](O)[C@H](O)COP(O)(O)=O)NC(=O)NC1=O
122,BEOUGZFCUMNGOU-UHFFFAOYSA-N,CHEMSPIDER:58549,KEGG.COMPOUND:C16794,,FOODB:FDB023306,,CHEBI:68565,PUBCHEM.COMPOUND:65037,CCCCCCCCC(C)CCCCCCCCC(O)=O
123,PTHCMJGKKRQCBF-ICIGWGHZSA-N,CHEMSPIDER:57487263,KEGG.COMPOUND:C05796,,FOODB:FDB005116,,,PUBCHEM.COMPOUND:53477780,CO[C@@H]1O[C@H](CO)[C@H](O[C@@H]2O[C@H](CO)[C@H](OC)[C@H](O)[C@H]2O)[C@H](O)[C@H]1O
124,YCCILVSKPBXVIP-UHFFFAOYSA-N,CHEMSPIDER:9964,KEGG.COMPOUND:C06044,,FOODB:FDB012695,,CHEBI:1879,PUBCHEM.COMPOUND:10393,OCCC1=CC=C(O)C=C1
125,LRHPLDYGYMQRHN-UHFFFAOYSA-N,CHEMSPIDER:258,KEGG.COMPOUND:C06142,DRUGBANK:DB02145,FOODB:FDB031032,PDB:1BO,CHEBI:28885,PUBCHEM.COMPOUND:263,CCCCO
126,CHTHALBTIRVDBM-UHFFFAOYSA-N,CHEMSPIDER:69178,KEGG.COMPOUND:C20450,,FOODB:FDB023423,,CHEBI:84212,PUBCHEM.COMPOUND:76720,OC(=O)C1=CC=C(O1)C(O)=O
127,HHVIBTZHLRERCL-UHFFFAOYSA-N,CHEMSPIDER:5978,KEGG.COMPOUND:C11142,,FOODB:FDB006725,,CHEBI:9349,PUBCHEM.COMPOUND:6213,CS(C)(=O)=O
128,JUUBCHWRXWPFFH-UHFFFAOYSA-N,CHEMSPIDER:74680,,DRUGBANK:DB12771,FOODB:FDB008754,,CHEBI:68889,PUBCHEM.COMPOUND:82755,OCCC1=CC=C(O)C(O)=C1
129,ZXEKIIBDNHEJCQ-UHFFFAOYSA-N,CHEMSPIDER:6312,KEGG.COMPOUND:C14710,,FOODB:FDB003274,,CHEBI:46645,PUBCHEM.COMPOUND:6560,CC(C)CO
130,PHTQWCKDNZKARW-UHFFFAOYSA-N,CHEMSPIDER:29000,KEGG.COMPOUND:C07328,DRUGBANK:DB02296,FOODB:FDB008131,PDB:IP3,CHEBI:15837,PUBCHEM.COMPOUND:31260,CC(C)CCO
131,XDOFWFNMYJRHEW-UHFFFAOYSA-N,CHEMSPIDER:396603,,DRUGBANK:DB07069,FOODB:FDB023830,,CHEBI:70824,PUBCHEM.COMPOUND:450268,OC(=O)CNC(=O)C1=CC=CC(O)=C1
132,TXXHDPDFNKHHGW-CCAGOZQPSA-N,CHEMSPIDER:4444151,KEGG.COMPOUND:C02480,,FOODB:FDB023893,,CHEBI:16508,PUBCHEM.COMPOUND:5280518,OC(=O)\C=C/C=C\C(O)=O
133,JFLIEFSWGNOPJJ-JTQLQIEISA-N,CHEMSPIDER:83292,KEGG.COMPOUND:C04148,,FOODB:FDB023896,,CHEBI:17884,PUBCHEM.COMPOUND:92258,NC(=O)CC[C@H](NC(=O)CC1=CC=CC=C1)C(O)=O
134,ZOSQFDVXNQFKBY-CGAXJHMRSA-N,CHEMSPIDER:108806,KEGG.COMPOUND:C03319,DRUGBANK:DB03723,FOODB:FDB030838,,CHEBI:15774,PUBCHEM.COMPOUND:121966,C[C@@H]1O[C@H](OP(O)(=O)OP(O)(=O)OC[C@H]2O[C@H](C[C@@H]2O)N2C=C(C)C(=O)NC2=O)[C@H](O)[C@H](O)[C@H]1O
135,NUZLRKBHOBPTQV-ARJAWSKDSA-N,CHEMSPIDER:2338376,KEGG.COMPOUND:C04225,,FOODB:FDB023904,,CHEBI:16717,PUBCHEM.COMPOUND:3080625,C\C(C(O)=O)=C(/CC(O)=O)C(O)=O
136,WFPZSXYXPSUOPY-ROYWQJLOSA-N,CHEMSPIDER:15642,KEGG.COMPOUND:C00498,DRUGBANK:DB01774,FOODB:FDB112366,,CHEBI:15751,PUBCHEM.COMPOUND:16500,NC1=C2N=CN([C@@H]3O[C@H](COP(O)(=O)OP(O)(=O)O[C@H]4O[C@H](CO)[C@@H](O)[C@H](O)[C@H]4O)[C@@H](O)[C@H]3O)C2=NC=N1
137,ZKLLSNQJRLJIGT-OTWZMJIISA-N,CHEMSPIDER:388882,KEGG.COMPOUND:C02888,,FOODB:FDB024084,,CHEBI:38342,PUBCHEM.COMPOUND:439837,OC[C@H](O)[C@@H](O)[C@H](O)C(=O)COP(O)(O)=O
138,CJJCPDZKQKUXSS-ARQDHWQXSA-N,CHEMSPIDER:10267875,KEGG.COMPOUND:C00861,,FOODB:FDB027362,,,PUBCHEM.COMPOUND:15559441,C[C@H]1O[C@](O)(CO)[C@@H](O)[C@@H]1O
139,WGNAKZGUSRVWRH-UHFFFAOYSA-N,CHEMSPIDER:3806481,,,FOODB:FDB028333,,CHEBI:82914,PUBCHEM.COMPOUND:4615423,CC1=CC=C(OS(O)(=O)=O)C=C1
140,IZSRJDGCGRAUAR-UHFFFAOYSA-N,CHEMSPIDER:152,KEGG.COMPOUND:C01062,,FOODB:FDB028411,,,PUBCHEM.COMPOUND:157,OCC(=O)C(O)C(O)C(O)C(O)=O
141,YPGCWEMNNLXISK-UHFFFAOYSA-N,CHEMSPIDER:9874,,,FOODB:FDB028418,,CHEBI:48526,PUBCHEM.COMPOUND:10296,CC(C(O)=O)C1=CC=CC=C1
142,BHHGXPLMPWCGHP-UHFFFAOYSA-N,CHEMSPIDER:13856352,KEGG.COMPOUND:C05332,DRUGBANK:DB04325,FOODB:FDB010580,,CHEBI:18397,PUBCHEM.COMPOUND:1001,NCCC1=CC=CC=C1
143,WQZGKKKJIJFFOK-QRXFDPRISA-N,CHEMSPIDER:8305737,KEGG.COMPOUND:C15923,,FOODB:FDB028945,,CHEBI:37704,PUBCHEM.COMPOUND:10130220,OC[C@@H]1OC(O)[C@@H](O)[C@@H](O)[C@@H]1O
144,GZQKNULLWNGMCW-PWQABINMSA-N,CHEMSPIDER:8052983,KEGG.COMPOUND:C13908,,FOODB:FDB029354,,CHEBI:134256,PUBCHEM.COMPOUND:9877306,CCCCCCCCCCCCCC(=O)O[C@H](CCCCCCCCCCC)CC(=O)O[C@@H]1[C@@H](NC(=O)C[C@@H](CCCCCCCCCCC)OC(=O)CCCCCCCCCCC)[C@H](OC[C@H]2O[C@H](OP(O)(O)=O)[C@H](NC(=O)C[C@H](O)CCCCCCCCCCC)[C@@H](OC(=O)C[C@H](O)CCCCCCCCCCC)[C@@H]2O)O[C@H](CO)[C@H]1OP(O)(O)=O
145,BFVQTKQTUCQRPI-YYEZTRBPSA-N,,KEGG.COMPOUND:C00338 ,,,,CHEBI:16412,PUBCHEM.COMPOUND:53481793,CCCCCCCCCCCCCC(=O)O[C@H](CCCCCCCCCCC)CC(=O)O[C@@H]1[C@@H](NC(=O)C[C@@H](CCCCCCCCCCC)OC(=O)CCCCCCCCCCC)[C@H](OC[C@H]2O[C@H](OP(O)(O)=O)[C@H](NC(=O)C[C@H](O)CCCCCCCCCCC)[C@@H](OC(=O)C[C@H](O)CCCCCCCCCCC)[C@@H]2O)O[C@H](CO[C@@]2(C[C@@H](O[C@@]3(C[C@@H](O[C@@]4(C[C@@H](OP(O)(=O)OCCN)[C@H](O)[C@H](O4)[C@@H](O)CO)C(O)=O)[C@H](O)[C@H](O3)[C@@H](O)CO)C(O)=O)[C@H](OC3O[C@H]([C@@H](O)CO)[C@@H](OP(O)(=O)OP(O)(=O)OCCN)[C@H](OC4O[C@H]([C@@H](O)COC5O[C@H]([C@@H](O)CO)[C@@H](OP(O)(O)=O)[C@H](O)[C@@H]5O)[C@@H](O)[C@H](OC5O[C@H](CO[C@H]6O[C@H](CO)[C@H](O)[C@H](O)[C@H]6O)[C@@H](O)[C@H](O[C@H]6O[C@H](CO)[C@H](O)[C@H](O)[C@H]6OC6O[C@H](CO)[C@@H](O)[C@H](O[C@@H]7O[C@H](CO[C@@H]8O[C@H](CO)[C@@H](O)[C@H](O)[C@H]8NC(C)=O)[C@H](O)[C@H](O[C@@H]8O[C@H](CO)[C@H](O)[C@H](O[C@H]9O[C@H](CO[C@H]%10O[C@H](CO)[C@H](O)[C@H](O)[C@H]%10O)[C@H](O)[C@H](O)[C@H]9O)[C@H]8NC(C)=O)[C@H]7NC(C)=O)[C@H]6O[C@@H]6O[C@H](CO)[C@@H](O)[C@H](O)[C@H]6NC(C)=O)[C@H]5O)[C@@H]4O)[C@@H]3O)[C@H](O2)[C@@H](O)CO)C(O)=O)[C@H]1OP(O)(O)=O
146,AAXCQFOXUJMCCW-PETQGJDISA-N,,KEGG.COMPOUND:c0338,,FOODB:FDB029471,,CHEBI:59309,PUBCHEM.COMPOUND:53481794,CCCCCCCCCCCCCC(=O)O[C@H](CCCCCCCCCCC)CC(=O)O[C@@H]1[C@@H](NC(=O)C[C@@H](CCCCCCCCCCC)OC(=O)CCCCCCCCCCC)[C@H](OC[C@H]2O[C@H](OP(O)(O)=O)[C@H](NC(=O)C[C@H](O)CCCCCCCCCCC)[C@@H](OC(=O)C[C@H](O)CCCCCCCCCCC)[C@@H]2O)O[C@H](CO[C@@]2(C[C@@H](O[C@@]3(C[C@@H](O[C@@]4(C[C@@H](OP(O)(=O)OCCN)[C@H](O)[C@H](O4)[C@@H](O)CO)C(O)=O)[C@H](O)[C@H](O3)[C@@H](O)CO)C(O)=O)[C@H](OC3O[C@H]([C@@H](O)CO)[C@@H](OP(O)(=O)OP(O)(=O)OCCN)[C@H](OC4O[C@H]([C@@H](O)COC5O[C@H]([C@@H](O)CO)[C@@H](OP(O)(O)=O)[C@H](O)[C@@H]5O)[C@@H](O)[C@H](OC5O[C@H](CO[C@H]6O[C@H](CO)[C@H](O)[C@H](O)[C@H]6O)[C@@H](O)[C@H](O[C@H]6O[C@H](CO)[C@H](O)[C@H](O)[C@H]6OC6O[C@H](CO)[C@@H](O)[C@H](O)[C@H]6O[C@@H]6O[C@H](CO)[C@@H](O)[C@H](O)[C@H]6NC(C)=O)[C@H]5O)[C@@H]4O)[C@@H]3O)[C@H](O2)[C@@H](O)CO)C(O)=O)[C@H]1OP(O)(O)=O
147,QCDYQQDYXPDABM-UHFFFAOYSA-N,CHEMSPIDER:352,KEGG.COMPOUND:C02183,DRUGBANK:DB12944,FOODB:FDB013879,,CHEBI:16204,PUBCHEM.COMPOUND:359,OC1=CC(O)=CC(O)=C1
148,ZNXXWTPQHVLMQT-MRVPVSSYSA-N,CHEMSPIDER:24207288,,,FOODB:FDB031342,,,PUBCHEM.COMPOUND:45093080,OC1=C(O)C=C(C[C@H]2CCC(=O)O2)C=C1
149,OLNJUISKUQQNIM-UHFFFAOYSA-N,CHEMSPIDER:9838,KEGG.COMPOUND:C08493,,FOODB:FDB000934,PDB:I3A,CHEBI:28238,PUBCHEM.COMPOUND:10256,O=CC1=CNC2=C1C=CC=C2
150,KTHADMDGDNYQRX-UHFFFAOYSA-N,CHEMSPIDER:67279,,,FOODB:FDB000936,,CHEBI:72782,PUBCHEM.COMPOUND:74706,COC(=O)CC1=CNC2=C1C=CC=C2
151,SRBFZHDQGSBBOR-SQOUGZDYSA-N,CHEMSPIDER:392169,,,FOODB:FDB001219,,CHEBI:46996,PUBCHEM.COMPOUND:444173,O[C@@H]1CO[C@@H](O)[C@@H](O)[C@@H]1O
152,KQTIIICEAUMSDG-UHFFFAOYSA-N,CHEMSPIDER:14220,KEGG.COMPOUND:C19806,DRUGBANK:DB04562,FOODB:FDB003213,PDB:TRC,CHEBI:45969,PUBCHEM.COMPOUND:14925,OC(=O)CC(CC(O)=O)C(O)=O
153,RWRDLPDLKQPQOW-UHFFFAOYSA-N,CHEMSPIDER:29008,,,FOODB:FDB007401,,CHEBI:33135,PUBCHEM.COMPOUND:31268,C1CCNC1
154,RSTKLPZEZYGQPY-UHFFFAOYSA-N,CHEMSPIDER:781,KEGG.COMPOUND:C00331,,FOODB:FDB030941,PDB:3IO,CHEBI:29750,PUBCHEM.COMPOUND:803,OC(=O)C(=O)CC1=CNC2=C1C=CC=C2
155,XVARCVCWNFACQC-RKQHYHRCSA-N,CHEMSPIDER:390239,,,,,CHEBI:16700,PUBCHEM.COMPOUND:441564,OC[C@H]1O[C@@H](OC2=CNC3=C2C=CC=C3)[C@H](O)[C@@H](O)[C@@H]1O
156,TXXHDPDFNKHHGW-UHFFFAOYSA-N,,,,,,CHEBI:38407,PUBCHEM.COMPOUND:310,OC(=O)C=CC=CC(O)=O
